rmse,mae,r2,model
5.098221473733829e-05,3.505340359077277e-05,0.9994692910792654,hGBDT
0.00036402966056086104,0.00026378681822891367,0.989208196774893,sNN
0.00021724561904946005,0.00020181973029101684,0.9973079955149167,mNN
