rmse,mae,r2,model
0.00013564360194029783,0.00010274866020389614,0.991580744329067,hGBDT
0.0002823407057516874,0.00020384279637403885,0.9898179995928238,sNN
6.733127439440587e-05,5.282970391251307e-05,0.999650091409977,mNN
